R_Code,R_Descr,R_DryM,R_Water,R_Energy,R_Protein,R_Lipid,R_Cho,R_Fiber,R_Ca,R_Fe,R_Zn,R_VitC,R_Thiamin,R_Riboflavin,R_Niacin,R_VitB_6,R_Folate_food,R_FolicAcid,R_Folate_total,R_Folate_DFE,R_VitB_12,R_VitA_IU,R_VitA_RE,R_Retinol,R_AlphaCarotene,R_BetaCarotene,R_BetaCryptoxanthin
1,"CHEESE,BAKED",1,1,1,1,1,1,1,1,1,1,0.65,0.75,1,1,0.75,0.8,0.8,0.8,0.8,0.55,1,1,1,1,1,1
3,"CHEESE,BROILED",1,1,1,1,1,1,1,1,1,1,0.65,0.75,1,1,0.75,0.8,0.8,0.8,0.8,0.55,1,1,1,1,1,1
5,"CHEESE,COOKED,W/LIQUID",1,1,1,1,1,1,1,1,1,1,0.65,0.75,1,1,0.75,0.8,0.8,0.8,0.8,0.55,1,1,1,1,1,1
7,"CHEESE,REHEATED",1,1,1,1,1,1,1,1,1,1,0.95,0.95,1,1,0.95,0.95,0.95,0.95,0.95,0.95,1,1,1,1,1,1
101,"EGGS,BAKED",1,1,1,1,1,1,1,1,1,1,0.8,0.8,0.95,0.9,0.95,0.75,0.75,0.75,0.75,0.8,1,1,1,1,1,1
103,"EGGS,FRIED,SCRAMBLED",1,1,1,1,1,1,1,1,1,1,0.8,0.85,0.95,0.95,0.95,0.75,0.75,0.75,0.75,0.85,1,1,1,1,1,1
105,"EGGS,HARD,COOKED",1,1,1,1,1,1,1,1,1,1,0.8,0.85,0.95,0.95,0.95,0.75,0.75,0.75,0.75,0.85,1,1,1,1,1,1
107,"EGGS,POACHED",1,1,1,1,1,1,1,1,1,1,0.8,0.8,0.85,0.85,0.85,0.75,0.75,0.75,0.75,0.8,1,1,1,1,1,1
109,"EGGS,REHEATED",1,1,1,1,1,1,1,1,1,1,0.95,0.95,1,1,0.95,0.95,0.95,0.95,0.95,0.95,1,1,1,1,1,1
151,"FRUITS,FRESH(NOT-CITRUS),BAKED",1,1,1,1,1,1,1,0.95,1,1,0.8,0.8,0.95,0.9,0.95,0.6,0.6,0.6,0.6,1,0.85,0.85,0.85,0.85,0.85,0.85
152,"FRUITS,FRESH(NOT-CITRUS),BROILED",1,1,1,1,1,1,1,0.95,1,1,0.8,0.8,0.95,0.9,0.95,0.6,0.6,0.6,0.6,1,0.85,0.85,0.85,0.85,0.85,0.85
153,"FRUITS,FRESH(NOT-CITRUS)SAUTEED",1,1,1,1,1,1,1,0.95,1,1,0.7,0.8,0.9,0.9,0.9,0.5,0.5,0.5,0.5,1,0.75,0.75,0.75,0.75,0.75,0.75
154,"FRUITS,CANNED",1,1,1,1,1,1,1,0.95,1,1,0.5,0.8,0.9,0.9,0.9,0.5,0.5,0.5,0.5,1,0.75,0.75,0.75,0.75,0.75,0.75
155,"FRUITS,FRESH(NOT-CITRUS),STEWED",1,1,1,1,1,1,1,0.95,1,1,0.7,0.8,0.9,0.9,0.9,0.5,0.5,0.5,0.5,1,0.75,0.75,0.75,0.75,0.75,0.75
156,"FRUITS,FROZEN",1,1,1,1,1,1,1,0.95,1,1,0.7,0.95,1,1,1,0.95,0.95,0.95,0.95,1,0.95,0.95,0.95,0.95,0.95,0.95
157,"FRUITS,FRESH(NOT-CITRUS),REHEATED",1,1,1,1,1,1,1,1,1,1,0.95,0.95,1,1,1,0.95,0.95,0.95,0.95,1,0.95,0.95,0.95,0.95,0.95,0.95
158,"FRUITS,DRIED",1,1,1,1,1,1,1,1,1,1,0.2,0.7,0.9,0.9,0.9,0.5,0.5,0.5,0.5,1,0.5,0.5,0.5,0.5,0.5,0.5
251,"FRUITS(DRIED),BAKED",1,1,1,1,1,1,1,0.95,1,1,0.8,0.8,0.95,0.9,0.95,0.6,0.6,0.6,0.6,1,0.85,0.85,0.85,0.85,0.85,0.85
253,"FRUITS(DRIED),SAUTEED",1,1,1,1,1,1,1,0.95,1,1,0.7,0.8,0.9,0.9,0.9,0.5,0.5,0.5,0.5,1,0.75,0.75,0.75,0.75,0.75,0.75
255,"FRUITS(DRIED),STEWED",1,1,1,1,1,1,1,0.95,1,1,0.7,0.8,0.9,0.9,0.9,0.5,0.5,0.5,0.5,1,0.75,0.75,0.75,0.75,0.75,0.75
257,"FRUITS(DRIED),REHEATED",1,1,1,1,1,1,1,1,1,1,0.95,0.95,1,1,1,0.95,0.95,0.95,0.95,1,0.95,0.95,0.95,0.95,0.95,0.95
270,"FRUITS,CITRUS,CKD",1,1,1,1,1,1,1,1,1,1,0.95,0.95,0.95,0.95,0.95,0.7,0.7,0.7,0.7,1,0.95,0.95,0.95,0.95,0.95,0.95
301,"FLOUR/MEAL,BAKED",1,1,1,1,1,1,1,1,1,1,0.8,0.8,0.9,0.9,0.9,0.7,0.7,0.7,0.7,1,0.9,0.9,0.9,0.9,0.9,0.9
302,"FLOUR/MEAL,BOILED,STEAMED",1,1,1,1,1,1,1,1,1,1,0.8,0.8,0.9,0.9,0.9,0.7,0.7,0.7,0.7,1,0.9,0.9,0.9,0.9,0.9,0.9
304,"FLOUR/MEAL,REHEATED",1,1,1,1,1,1,1,1,1,1,0.95,0.95,1,1,1,0.9,0.9,0.9,0.9,1,1,1,1,1,1,1
305,"FLOUR/MEAL,SAUTEED",1,1,1,1,1,1,1,1,1,1,0.8,0.75,0.9,0.9,0.9,0.65,0.65,0.65,0.65,1,0.85,0.85,0.85,0.85,0.85,0.85
306,"FLOUR/MEAL,TOASTED",1,1,1,1,1,1,1,1,1,1,0.85,0.8,1,1,1,0.85,0.85,0.85,0.85,1,0.95,0.95,0.95,0.95,0.95,0.95
351,"OATMEAL,INST,COOKED",1,1,1,1,1,1,1,1,1,1,0.9,0.9,0.95,0.95,1,1,1,1,1,1,1,1,1,1,1,1
352,"OATMEAL,REG/QUICK,COOKED",1,1,1,1,1,1,1,1,0.95,1,0.8,0.8,0.9,0.9,0.9,0.7,0.7,0.7,0.7,1,0.9,0.9,0.9,0.9,0.9,0.9
357,"CEREAL,INST,COOKED",1,1,1,1,1,1,1,1,1,1,0.9,0.9,0.95,0.95,1,1,1,1,1,1,1,1,1,1,1,1
358,"CEREAL,REG/QUICK,COOKED",1,1,1,1,1,1,1,1,0.95,1,0.8,0.8,0.9,0.9,0.9,0.7,0.7,0.7,0.7,1,0.9,0.9,0.9,0.9,0.9,0.9
380,"PASTA,BAKED",1,1,1,1,1,1,1,1,1,1,0.8,0.8,0.9,0.9,0.9,0.7,0.7,0.7,0.7,1,0.95,0.95,0.95,0.95,0.95,0.95
381,"PASTA,BOILED,DRAINED",1,1,1,1,1,1,1,0.95,0.75,1,0.7,0.65,0.75,0.65,0.8,0.7,0.7,0.7,0.7,1,0.95,0.95,0.95,0.95,0.95,0.95
382,"PASTA,BOILED,DRAINED,BAKED",1,1,1,1,1,1,1,0.95,0.75,1,0.6,0.55,0.75,0.6,0.75,0.5,0.5,0.5,0.5,1,0.9,0.9,0.9,0.9,0.9,0.9
384,"PASTA,BOILED,NOT-DRAINED",1,1,1,1,1,1,1,1,1,1,0.8,0.8,0.9,0.9,0.9,0.7,0.7,0.7,0.7,1,0.95,0.95,0.95,0.95,0.95,0.95
385,"PASTA,REHEATED",1,1,1,1,1,1,1,1,1,1,0.95,0.95,1,1,1,0.95,0.95,0.95,0.95,1,1,1,1,1,1,1
431,"RICE,WHITE/BROWN,COOKED,DRAINED",1,1,1,1,1,1,1,0.95,0.9,0.95,0.75,0.75,0.9,0.95,0.9,0.6,0.6,0.6,0.6,1,0.95,0.95,0.95,0.95,0.95,0.95
432,"RICE,WHITE/BROWN,COOKED,WATER,USED",1,1,1,1,1,1,1,1,0.95,1,0.8,0.8,0.9,1,0.95,0.7,0.7,0.7,0.7,1,0.95,0.95,0.95,0.95,0.95,0.95
433,"RICE,WHITE/BROWN,SAUTEED+SIMMERED",1,1,1,1,1,1,1,1,0.95,1,0.7,0.75,0.85,1,0.9,0.6,0.6,0.6,0.6,1,0.9,0.9,0.9,0.9,0.9,0.9
434,"RICE,WHITE/BROWN,REHEATED",1,1,1,1,1,1,1,1,1,1,0.95,0.95,1,1,1,0.95,0.95,0.95,0.95,1,1,1,1,1,1,1
501,"LEGUMES,CKD,5/20MIN,BOILED,DRAINED",1,1,1,1,1,1,1,0.85,0.85,0.85,0.65,0.65,0.75,0.7,0.7,0.6,0.6,0.6,0.6,1,0.85,0.85,0.85,0.85,0.85,0.85
502,"LEGUMES,CKD,15/20MIN,BLD,WATER,USED",1,1,1,1,1,1,1,0.9,0.9,0.9,0.7,0.7,0.8,0.75,0.75,0.65,0.65,0.65,0.65,1,0.9,0.9,0.9,0.9,0.9,0.9
503,"LEGUMES,CKD,15/20MIN,BLD,DRAIND,BKD",1,1,1,1,1,1,1,0.85,0.85,0.85,0.6,0.6,0.7,0.65,0.65,0.55,0.55,0.55,0.55,1,0.8,0.8,0.8,0.8,0.8,0.8
504,"LEGUMES,CKD,15/20MIN,BOILED+BAKED",1,1,1,1,1,1,1,0.9,0.9,0.9,0.65,0.65,0.75,0.7,0.7,0.6,0.6,0.6,0.6,1,0.85,0.85,0.85,0.85,0.85,0.85
505,"LEGUMES,CKD,15/20MIN,BLD,DRND,FRIED",1,1,1,1,1,1,1,0.85,0.85,0.85,0.6,0.6,0.7,0.65,0.65,0.55,0.55,0.55,0.55,1,0.8,0.8,0.8,0.8,0.8,0.8
506,"LEGUMES,CKD,15/20MIN,BOILED+FRIED",1,1,1,1,1,1,1,0.9,0.9,0.9,0.65,0.65,0.75,0.7,0.7,0.6,0.6,0.6,0.6,1,0.85,0.85,0.85,0.85,0.85,0.85
521,"LEGUMES,CKD,45/75MIN,BOILED,DRND",1,1,1,1,1,1,1,0.85,0.8,0.85,0.65,0.6,0.7,0.65,0.65,0.45,0.45,0.45,0.45,1,0.85,0.85,0.85,0.85,0.85,0.85
522,"LEGUMES,CKD,45/75MIN,BLD,WATER,USED",1,1,1,1,1,1,1,0.9,0.85,0.9,0.7,0.65,0.75,0.7,0.7,0.5,0.5,0.5,0.5,1,0.9,0.9,0.9,0.9,0.9,0.9
523,"LEGUMES,CKD,45/75MIN,BLD,DRND,BKD",1,1,1,1,1,1,1,0.85,0.8,0.85,0.6,0.55,0.65,0.6,0.6,0.4,0.4,0.4,0.4,1,0.8,0.8,0.8,0.8,0.8,0.8
524,"LEGUMES,CKD,45/75MIN,BOILED+BAKED",1,1,1,1,1,1,1,0.9,0.85,0.9,0.65,0.6,0.7,0.65,0.65,0.45,0.45,0.45,0.45,1,0.85,0.85,0.85,0.85,0.85,0.85
525,"LEGUMES,CKD,45/75MIN,BLD,DRND,FRIED",1,1,1,1,1,1,1,0.85,0.8,0.85,0.6,0.55,0.65,0.6,0.6,0.4,0.4,0.4,0.4,1,0.8,0.8,0.8,0.8,0.8,0.8
526,"LEGUMES,CKD,45/75MIN,BOILED+FRIED",1,1,1,1,1,1,1,0.9,0.85,0.9,0.65,0.6,0.7,0.65,0.65,0.45,0.45,0.45,0.45,1,0.85,0.85,0.85,0.85,0.85,0.85
541,"LEGUMES,CKD,2/2.5HRS,BOILED,DRAINED",1,1,1,1,1,1,1,0.85,0.75,0.85,0.65,0.4,0.75,0.55,0.5,0.3,0.3,0.3,0.3,1,0.85,0.85,0.85,0.85,0.85,0.85
542,"LEGUMES,CKD,2/2.5HRS,BLD,WATER,USED",1,1,1,1,1,1,1,0.9,0.8,0.9,0.7,0.45,0.8,0.6,0.55,0.35,0.35,0.35,0.35,1,0.9,0.9,0.9,0.9,0.9,0.9
543,"LEGUMES,CKD,2/2.5HRS,BLD,DRND,BKD",1,1,1,1,1,1,1,0.85,0.75,0.85,0.6,0.35,0.7,0.5,0.45,0.25,0.25,0.25,0.25,1,0.8,0.8,0.8,0.8,0.8,0.8
544,"LEGUMES,CKD,2/2.5HRS,BOILED+BAKED",1,1,1,1,1,1,1,0.9,0.8,0.9,0.65,0.4,0.75,0.55,0.5,0.3,0.3,0.3,0.3,1,0.85,0.85,0.85,0.85,0.85,0.85
545,"LEGUMES,CKD,2/2.5HRS,BLD,DRND,FRIED",1,1,1,1,1,1,1,0.85,0.75,0.85,0.6,0.35,0.7,0.5,0.45,0.25,0.25,0.25,0.25,1,0.8,0.8,0.8,0.8,0.8,0.8
546,"LEGUMES,CKD,2/2.5HRS,BOILED+FRIED",1,1,1,1,1,1,1,0.9,0.8,0.9,0.65,0.4,0.75,0.55,0.5,0.3,0.3,0.3,0.3,1,0.85,0.85,0.85,0.85,0.85,0.85
550,"LEGUMES,REHEATED",1,1,1,1,1,1,1,1,1,1,0.95,0.95,0.95,0.95,0.95,0.95,0.95,0.95,0.95,1,1,1,1,1,1,1
601,"BEEF,ROASTED",1,1,1,1,1,1,1,0.9,1,1,0.8,0.55,0.95,0.75,0.5,0.95,0.95,0.95,0.95,0.7,0.75,0.75,0.75,0.75,0.75,0.75
602,"BEEF,BROILED,CUT",1,1,1,1,1,1,1,1,0.95,1,0.8,0.7,0.9,0.8,0.6,0.85,0.85,0.85,0.85,0.8,0.75,0.75,0.75,0.75,0.75,0.75
603,"BEEF,BROILED,GROUND",1,1,1,1,1,1,1,1,0.95,1,0.8,0.8,0.95,0.9,0.6,0.85,0.85,0.85,0.85,0.8,0.75,0.75,0.75,0.75,0.75,0.75
604,"BEEF,FRIED,W/O-COATING",1,1,1,1,1,1,1,1,0.95,1,0.8,0.7,0.9,0.8,0.6,0.85,0.85,0.85,0.85,0.8,0.75,0.75,0.75,0.75,0.75,0.75
605,"BEEF,FRIED",1,1,1,1,1,1,1,1,0.95,1,0.8,0.7,0.9,0.8,0.6,0.85,0.85,0.85,0.85,0.8,0.75,0.75,0.75,0.75,0.75,0.75
651,"BEEF,ROAST,BRAISED,WO/DRIPPINGS",1,1,1,1,1,1,1,0.8,1,1,0.8,0.45,0.85,0.55,0.35,0.65,0.65,0.65,0.65,0.6,0.75,0.75,0.75,0.75,0.75,0.75
652,"BEEF,ROAST,BRAISED,W/DRIPPINGS",1,1,1,1,1,1,1,1,1,1,0.85,0.6,1,0.9,0.5,0.7,0.7,0.7,0.7,0.75,0.8,0.8,0.8,0.8,0.8,0.8
653,"BEEF,ROAST,SIMMERED,WO/DRIPPINGS",1,1,1,1,1,1,1,0.8,1,1,0.8,0.45,0.85,0.55,0.35,0.65,0.65,0.65,0.65,0.6,0.75,0.75,0.75,0.75,0.75,0.75
654,"BEEF,ROAST,SIMMERED,W/DRIP",1,1,1,1,1,1,1,1,1,1,0.85,0.6,1,0.9,0.5,0.7,0.7,0.7,0.7,0.75,0.8,0.8,0.8,0.8,0.8,0.8
701,"BEEF,SLICES,BRWN,SIMMER,WO/DRIPPING",1,1,1,1,1,1,1,0.8,1,1,0.8,0.45,0.85,0.55,0.35,0.65,0.65,0.65,0.65,0.6,0.75,0.75,0.75,0.75,0.75,0.75
702,"BEEF,SLICES,BRWN,SIMMER,W/DRIPPINGS",1,1,1,1,1,1,1,1,1,1,0.85,0.6,1,0.9,0.5,0.7,0.7,0.7,0.7,0.75,0.8,0.8,0.8,0.8,0.8,0.8
703,"BEEF,SLICES,SIMMERED,WO/DRIPPINGS",1,1,1,1,1,1,1,0.8,1,1,0.8,0.45,0.85,0.55,0.35,0.65,0.65,0.65,0.65,0.6,0.75,0.75,0.75,0.75,0.75,0.75
704,"BEEF,SLICES,SIMMERED,W/DRIPPINGS",1,1,1,1,1,1,1,1,1,1,0.85,0.6,1,0.9,0.5,0.7,0.7,0.7,0.7,0.75,0.8,0.8,0.8,0.8,0.8,0.8
749,"BEEF,GROUND,BAKED,WO/DRIPPINGS",1,1,1,1,1,1,1,0.8,1,1,0.8,0.45,0.85,0.55,0.35,0.65,0.65,0.65,0.65,0.6,0.75,0.75,0.75,0.75,0.75,0.75
750,"BEEF,GROUND,BAKED,W/DRIPPINGS",1,1,1,1,1,1,1,1,1,1,0.85,0.6,1,0.9,0.5,0.7,0.7,0.7,0.7,0.75,0.8,0.8,0.8,0.8,0.8,0.8
751,"BEEF,GROUND,BRWN,SIMMER,WO/DRIPPING",1,1,1,1,1,1,1,0.8,1,1,0.8,0.45,0.85,0.55,0.35,0.65,0.65,0.65,0.65,0.6,0.75,0.75,0.75,0.75,0.75,0.75
752,"BEEF,GROUND,BRWN,SIMMER,W/DRIPPINGS",1,1,1,1,1,1,1,1,1,1,0.85,0.6,1,0.9,0.5,0.7,0.7,0.7,0.7,0.75,0.8,0.8,0.8,0.8,0.8,0.8
753,"BEEF,GROUND,SIMMERED,WO/DRIPPINGS",1,1,1,1,1,1,1,0.8,1,1,0.8,0.45,0.85,0.55,0.35,0.65,0.65,0.65,0.65,0.6,0.75,0.75,0.75,0.75,0.75,0.75
754,"BEEF,GROUND,SIMMERED,W/DRIPPINGS",1,1,1,1,1,1,1,1,1,1,0.85,0.6,1,0.9,0.5,0.7,0.7,0.7,0.7,0.75,0.8,0.8,0.8,0.8,0.8,0.8
770,"BEEF,REHEATED",1,1,1,1,1,1,1,1,1,1,0.95,0.95,1,1,0.95,0.95,0.95,0.95,0.95,0.95,1,1,1,1,1,1
801,"CHICKEN,BROILED",1,1,1,1,1,1,1,0.95,0.9,1,0.8,0.7,0.9,0.8,0.8,0.6,0.6,0.6,0.6,0.65,0.75,0.75,0.75,0.75,0.75,0.75
803,"CHICKEN,FRIED,WO/COATING",1,1,1,1,1,1,1,0.95,0.9,1,0.8,0.7,0.9,0.8,0.8,0.6,0.6,0.6,0.6,0.65,0.75,0.75,0.75,0.75,0.75,0.75
804,"CHICKEN,FRIED,W/COATING",1,1,1,1,1,1,1,0.95,0.9,1,0.8,0.7,0.9,0.8,0.8,0.6,0.6,0.6,0.6,0.65,0.75,0.75,0.75,0.75,0.75,0.75
805,"CHICKEN,ROASTED",1,1,1,1,1,1,1,0.95,0.9,1,0.8,0.7,0.9,0.8,0.8,0.6,0.6,0.6,0.6,0.65,0.75,0.75,0.75,0.75,0.75,0.75
851,"CHICKEN,BROWN,SIMMER,WO/DRIPPINGS",1,1,1,1,1,1,1,0.8,0.9,1,0.8,0.55,0.95,0.6,0.5,0.6,0.6,0.6,0.6,0.5,0.75,0.75,0.75,0.75,0.75,0.75
852,"CHICKEN,BROWN,SIMMER,W/DRIPPINGS",1,1,1,1,1,1,1,1,1,1,0.85,0.75,1,0.95,0.65,0.7,0.7,0.7,0.7,0.65,0.8,0.8,0.8,0.8,0.8,0.8
855,"CHICKEN,SIMMERED,WO/DRIPPINGS",1,1,1,1,1,1,1,0.8,0.9,1,0.8,0.55,0.95,0.6,0.5,0.6,0.6,0.6,0.6,0.5,0.75,0.75,0.75,0.75,0.75,0.75
856,"CHICKEN,SIMMERED,W/DRIPPINGS",1,1,1,1,1,1,1,1,1,1,0.85,0.75,1,0.95,0.65,0.7,0.7,0.7,0.7,0.65,0.8,0.8,0.8,0.8,0.8,0.8
864,"CHICKEN,REHEATED",1,1,1,1,1,1,1,1,1,1,0.95,0.95,1,1,0.95,0.95,0.95,0.95,0.95,0.95,1,1,1,1,1,1
1001,"LAMB,BROILED",1,1,1,1,1,1,1,1,0.95,1,0.8,0.6,0.9,0.8,0.65,0.7,0.7,0.7,0.7,0.8,0.75,0.75,0.75,0.75,0.75,0.75
1003,"LAMB,GROUND,BROILED",1,1,1,1,1,1,1,0.9,0.95,1,0.8,0.7,0.8,0.85,0.75,0.7,0.7,0.7,0.7,0.75,0.75,0.75,0.75,0.75,0.75,0.75
1004,"LAMB,ROASTED",1,1,1,1,1,1,1,1,1,1,0.8,0.6,0.9,0.8,0.75,0.85,0.85,0.85,0.85,0.75,0.75,0.75,0.75,0.75,0.75,0.75
1051,"LAMB,BROWN,SIMMER,WO/DRIPPINGS",1,1,1,1,1,1,1,1,0.95,0.95,0.8,0.3,0.6,0.6,0.45,0.55,0.55,0.55,0.55,0.6,0.75,0.75,0.75,0.75,0.75,0.75
1052,"LAMB,BROWN,SIMMER,W/DRIPPINGS",1,1,1,1,1,1,1,1,1,1,0.85,0.45,0.85,0.95,0.7,0.65,0.65,0.65,0.65,0.75,0.8,0.8,0.8,0.8,0.8,0.8
1055,"LAMB,SIMMERED,WO/DRIPPINGS",1,1,1,1,1,1,1,1,0.95,0.95,0.8,0.3,0.6,0.6,0.55,0.55,0.55,0.55,0.55,0.6,0.75,0.75,0.75,0.75,0.75,0.75
1056,"LAMB,SIMMERED,W/DRIPPINGS",1,1,1,1,1,1,1,1,1,1,0.85,0.45,0.85,0.95,0.7,0.65,0.65,0.65,0.65,0.75,0.8,0.8,0.8,0.8,0.8,0.8
1074,"LAMB,REHEATED",1,1,1,1,1,1,1,1,1,1,0.95,0.95,1,1,0.95,0.95,0.95,0.95,0.95,0.95,1,1,1,1,1,1
1151,"LIVER,FRIED",1,1,1,1,1,1,1,1,0.95,1,0.8,0.7,0.9,0.8,0.6,0.85,0.85,0.85,0.85,0.8,0.75,0.75,0.75,0.75,0.75,0.75
1152,"LIVER,SIMMERED,WO/DRIPPINGS",1,1,1,1,1,1,1,0.95,0.6,0.9,0.75,0.65,0.55,0.45,0.45,0.65,0.65,0.65,0.65,0.6,0.75,0.75,0.75,0.75,0.75,0.75
1153,"LIVER,SIMMERED,W/DRIPPINGS",1,1,1,1,1,1,1,1,1,1,0.8,0.8,1,0.9,0.55,0.7,0.7,0.7,0.7,0.75,0.8,0.8,0.8,0.8,0.8,0.8
1154,"LIVER,REHEATED",1,1,1,1,1,1,1,1,1,1,0.95,0.95,1,1,0.95,0.95,0.95,0.95,0.95,0.95,1,1,1,1,1,1
1181,"ORGANMEATS(NOTLIVER),FRIED",1,1,1,1,1,1,1,1,0.95,1,0.8,0.7,0.9,0.8,0.6,0.85,0.85,0.85,0.85,0.8,0.75,0.75,0.75,0.75,0.75,0.75
1182,"ORGANMEATS(NOTLIVER)SIMMRD,WO/DRIP",1,1,1,1,1,1,1,0.95,0.6,0.9,0.75,0.65,0.55,0.45,0.45,0.65,0.65,0.65,0.65,0.6,0.75,0.75,0.75,0.75,0.75,0.75
1183,"ORGANMEATS(NOTLIVER)SIMMRD,W/DRIP",1,1,1,1,1,1,1,1,1,1,0.8,0.8,1,0.9,0.55,0.7,0.7,0.7,0.7,0.75,0.8,0.8,0.8,0.8,0.8,0.8
1184,"ORGANMEATS(NOTLIVER),REHEATED",1,1,1,1,1,1,1,1,1,1,0.95,0.95,1,1,0.95,0.95,0.95,0.95,0.95,0.95,1,1,1,1,1,1
1251,"PORK,FRESH,BROILED",1,1,1,1,1,1,1,0.75,0.8,1,0.8,0.7,1,0.8,0.65,0.85,0.85,0.85,0.85,0.9,0.75,0.75,0.75,0.75,0.75,0.75
1252,"PORK,FRESH,FRIED,WO/COATING",1,1,1,1,1,1,1,0.75,0.8,1,0.8,0.7,1,0.8,0.65,0.85,0.85,0.85,0.85,0.9,0.75,0.75,0.75,0.75,0.75,0.75
1253,"PORK,FRESH,FRIED,W/COATING",1,1,1,1,1,1,1,0.75,0.8,1,0.8,0.7,1,0.8,0.65,0.85,0.85,0.85,0.85,0.9,0.75,0.75,0.75,0.75,0.75,0.75
1254,"PORK,FRESH,ROASTED",1,1,1,1,1,1,1,0.95,1,1,0.8,0.6,0.95,0.85,0.85,0.95,0.95,0.95,0.95,0.8,0.75,0.75,0.75,0.75,0.75,0.75
1301,"PORK,FRESH,ROAST,SIMMERED,WO/DRIP",1,1,1,1,1,1,1,0.8,1,1,0.75,0.4,0.75,0.8,0.5,0.65,0.65,0.65,0.65,0.6,0.75,0.75,0.75,0.75,0.75,0.75
1302,"PORK,FRESH,ROAST,SIMMERED,W/DRIPPNG",1,1,1,1,1,1,1,1,1,1,0.8,0.55,0.9,0.95,0.65,0.7,0.7,0.7,0.7,0.75,0.8,0.8,0.8,0.8,0.8,0.8
1351,"PORK,FRSH,CHOPS,BRWN,SIMMRD,WO/DRIP",1,1,1,1,1,1,1,0.8,1,1,0.75,0.4,0.75,0.8,0.5,0.65,0.65,0.65,0.65,0.6,0.75,0.75,0.75,0.75,0.75,0.75
1352,"PORK,FRSH,CHOPS,BRWN,SIMMRD,W/DRIP",1,1,1,1,1,1,1,1,1,1,0.8,0.55,0.9,0.95,0.65,0.7,0.7,0.7,0.7,0.75,0.8,0.8,0.8,0.8,0.8,0.8
1353,"PORK,FRSH,CHOPS,SIMMERED,WO/DRIPPNG",1,1,1,1,1,1,1,0.8,1,1,0.75,0.4,0.75,0.8,0.5,0.65,0.65,0.65,0.65,0.6,0.75,0.75,0.75,0.75,0.75,0.75
1354,"PORK,FRSH,CHOPS,SIMMERED,W/DRIPPNGS",1,1,1,1,1,1,1,1,1,1,0.8,0.55,0.9,0.95,0.65,0.7,0.7,0.7,0.7,0.75,0.8,0.8,0.8,0.8,0.8,0.8
1401,"PORK,FRSH,GROUND,BRWN,SIMMR,WO/DRIP",1,1,1,1,1,1,1,0.8,1,1,0.75,0.4,0.75,0.8,0.5,0.65,0.65,0.65,0.65,0.6,0.75,0.75,0.75,0.75,0.75,0.75
1402,"PORK,FRSH,GROUND,BRWN,SIMMRD,W/DRIP",1,1,1,1,1,1,1,1,1,1,0.8,0.55,0.9,0.95,0.65,0.7,0.7,0.7,0.7,0.75,0.8,0.8,0.8,0.8,0.8,0.8
1405,"PORK,FRSH,GROUND,SIMMERED,WO/DRIP",1,1,1,1,1,1,1,0.8,1,1,0.75,0.4,0.75,0.8,0.5,0.65,0.65,0.65,0.65,0.6,0.75,0.75,0.75,0.75,0.75,0.75
1406,"PORK,FRSH,GROUND,SIMMERED,W/DRIPPNG",1,1,1,1,1,1,1,1,1,1,0.8,0.55,0.9,0.95,0.65,0.7,0.7,0.7,0.7,0.75,0.8,0.8,0.8,0.8,0.8,0.8
1407,"PORK,FRESH,REHEATED",1,1,1,1,1,1,1,1,1,1,0.95,0.95,1,1,0.95,0.95,0.95,0.95,0.95,0.95,1,1,1,1,1,1
1451,"PORK,CURED,BROILED",1,1,1,1,1,1,1,0.75,0.8,1,0.8,0.7,1,0.8,0.65,0.85,0.85,0.85,0.85,0.9,0.75,0.75,0.75,0.75,0.75,0.75
1456,"BACON,BROILED/FRIED",1,1,1,1,1,1,1,0.75,0.8,1,0.8,0.45,0.95,0.9,0.8,0.8,0.8,0.8,0.8,0.9,0.65,0.65,0.65,0.65,0.65,0.65
1459,"PORK,CURED,ROASTED",1,1,1,1,1,1,1,0.95,1,1,0.8,0.6,0.95,0.85,0.85,0.95,0.95,0.95,0.95,0.8,0.75,0.75,0.75,0.75,0.75,0.75
1521,"HAM/PICNIC,CURED,SIMMERED,WO/DRIP",1,1,1,1,1,1,1,0.8,1,1,0.75,0.4,0.75,0.8,0.5,0.65,0.65,0.65,0.65,0.6,0.75,0.75,0.75,0.75,0.75,0.75
1522,"HAM/PICNIC,CURED,SIMMERED,W/DRIP",1,1,1,1,1,1,1,1,1,1,0.8,0.55,0.9,0.95,0.65,0.7,0.7,0.7,0.7,0.75,0.8,0.8,0.8,0.8,0.8,0.8
1551,"PORK,CURED,SLICE,BRWN,SIMMR,WO/DRIP",1,1,1,1,1,1,1,0.8,1,1,0.75,0.4,0.75,0.8,0.5,0.65,0.65,0.65,0.65,0.6,0.75,0.75,0.75,0.75,0.75,0.75
1552,"PORK,CURED,SLICE,BRWN,SIMMRD,W/DRIP",1,1,1,1,1,1,1,1,1,1,0.8,0.55,0.9,0.95,0.65,0.7,0.7,0.7,0.7,0.75,0.8,0.8,0.8,0.8,0.8,0.8
1555,"PORK,CURED,SLICES,SIMMERED,WO/DRIP",1,1,1,1,1,1,1,0.8,1,1,0.75,0.4,0.75,0.8,0.5,0.65,0.65,0.65,0.65,0.6,0.75,0.75,0.75,0.75,0.75,0.75
1556,"PORK,CURED,SLICES,SIMMERED,W/DRIP",1,1,1,1,1,1,1,1,1,1,0.8,0.55,0.9,0.95,0.65,0.7,0.7,0.7,0.7,0.75,0.8,0.8,0.8,0.8,0.8,0.8
1602,"PORK,CURED,GROUND,BRWN,SIMR,WO/DRIP",1,1,1,1,1,1,1,0.8,1,1,0.75,0.4,0.75,0.8,0.5,0.65,0.65,0.65,0.65,0.6,0.75,0.75,0.75,0.75,0.75,0.75
1603,"PORK,CURED,GROUND,BRWN,SIMR,W/DRIP",1,1,1,1,1,1,1,1,1,1,0.8,0.55,0.9,0.95,0.65,0.7,0.7,0.7,0.7,0.75,0.8,0.8,0.8,0.8,0.8,0.8
1604,"PORK,CURED,GROUND,SIMMERED,WO/DRIP",1,1,1,1,1,1,1,0.8,1,1,0.75,0.4,0.75,0.8,0.5,0.65,0.65,0.65,0.65,0.6,0.75,0.75,0.75,0.75,0.75,0.75
1605,"PORK,CURED,GROUND,SIMMERED,W/DRIP",1,1,1,1,1,1,1,1,1,1,0.8,0.55,0.9,0.95,0.65,0.7,0.7,0.7,0.7,0.75,0.8,0.8,0.8,0.8,0.8,0.8
1606,"PORK,CURED,REHEATED",1,1,1,1,1,1,1,1,1,1,0.95,0.95,1,1,0.95,0.95,0.95,0.95,0.95,0.95,1,1,1,1,1,1
1654,"SAUSAGE,RTE,FRANKS,ETC,CKD,WO/DRIP",1,1,1,1,1,1,1,1,1,1,0.8,0.85,0.95,0.9,0.8,0.85,0.85,0.85,0.85,0.85,0.85,0.85,0.85,0.85,0.85,0.85
1655,"SAUSAGE,RTE,FRANKS,ETC,CKD,W/DRIP",1,1,1,1,1,1,1,1,1,1,0.9,0.95,1,1,0.9,0.95,0.95,0.95,0.95,0.95,0.95,0.95,0.95,0.95,0.95,0.95
1657,"SAUSAGE,RTE,FRANKS,ETC,BROILED",1,1,1,1,1,1,1,1,1,1,0.9,0.95,1,0.9,0.9,0.9,0.9,0.9,0.9,0.95,0.85,0.85,0.85,0.85,0.85,0.85
1659,"SAUSAGE,RTE,FRANKS,ETC,SAUTEED",1,1,1,1,1,1,1,1,1,1,0.9,0.95,1,0.9,0.9,0.9,0.9,0.9,0.9,0.95,0.85,0.85,0.85,0.85,0.85,0.85
1705,"SAUSAGE,RAW,PORK,OTHER,CKD,WO/DRIP",1,1,1,1,1,1,1,0.85,0.65,0.75,0.5,0.65,0.75,0.75,0.6,0.3,0.3,0.3,0.3,0.7,0.75,0.75,0.75,0.75,0.75,0.75
1706,"SAUSAGE,RAW,PORK,OTHER,CKD,W/DRIP",1,1,1,1,1,1,1,1,1,1,0.7,0.8,0.9,0.9,0.85,0.5,0.5,0.5,0.5,0.85,0.8,0.85,0.85,0.8,0.8,0.8
1707,"SAUSAGE,RAW,PORK,OTHER,BROILED",1,1,1,1,1,1,1,0.85,0.65,0.75,0.5,0.65,0.75,0.75,0.6,0.3,0.3,0.3,0.3,0.7,0.75,0.75,0.75,0.75,0.75,0.75
1709,"SAUSAGE,RAW,PORK,OTHER,SAUTEED",1,1,1,1,1,1,1,0.85,0.65,0.75,0.5,0.65,0.75,0.75,0.6,0.3,0.3,0.3,0.3,0.7,0.75,0.75,0.75,0.75,0.75,0.75
1712,"SAUSAGE,REHEATED",1,1,1,1,1,1,1,1,1,1,0.95,0.95,1,1,0.95,0.95,0.95,0.95,0.95,0.95,1,1,1,1,1,1
1805,"TURKEY,ROASTED",1,1,1,1,1,1,1,1,0.95,1,0.8,0.65,0.85,0.9,0.7,0.6,0.6,0.6,0.6,0.65,0.75,0.75,0.75,0.75,0.75,0.75
1851,"TURKEY,SIMMERED,WO/DRIPPINGS",1,1,1,1,1,1,1,0.85,0.95,1,0.8,0.55,0.95,0.6,0.5,0.6,0.6,0.6,0.6,0.5,0.75,0.75,0.75,0.75,0.75,0.75
1852,"TURKEY,SIMMERED,W/DRIPPINGS",1,1,1,1,1,1,1,1,1,1,0.85,0.75,1,0.95,0.7,0.7,0.7,0.7,0.7,0.7,0.8,0.8,0.8,0.8,0.8,0.8
1860,"TURKEY,REHEATED",1,1,1,1,1,1,1,1,1,1,0.95,0.95,1,1,0.95,0.95,0.95,0.95,0.95,0.95,1,1,1,1,1,1
1951,"VEAL,BROILED",1,1,1,1,1,1,1,0.95,0.9,1,0.8,0.65,0.9,0.8,0.65,0.75,0.75,0.75,0.75,0.8,0.75,0.75,0.75,0.75,0.75,0.75
1952,"VEAL,FRIED,WO/COATING",1,1,1,1,1,1,1,0.95,0.9,1,0.8,0.65,0.75,0.85,0.45,0.85,0.85,0.85,0.85,0.9,0.75,0.75,0.75,0.75,0.75,0.75
1953,"VEAL,FRIED,W/COATING",1,1,1,1,1,1,1,0.95,0.9,1,0.8,0.65,0.9,0.8,0.65,0.75,0.75,0.75,0.75,0.8,0.75,0.75,0.75,0.75,0.75,0.75
1954,"VEAL,ROASTED",1,1,1,1,1,1,1,0.95,0.85,1,0.8,0.6,0.9,0.8,0.5,0.85,0.85,0.85,0.85,0.85,0.75,0.75,0.75,0.75,0.75,0.75
2001,"VEAL,ROAST,BRAISED,WO/DRIPPINGS",1,1,1,1,1,1,1,1,0.95,1,0.8,0.45,0.75,0.65,0.45,0.75,0.75,0.75,0.75,0.65,0.75,0.75,0.75,0.75,0.75,0.75
2002,"VEAL,ROAST,BRAISED,W/DRIPPINGS",1,1,1,1,1,1,1,1,1,1,0.85,0.6,0.95,0.95,0.65,0.7,0.7,0.7,0.7,0.7,0.8,0.8,0.8,0.8,0.8,0.8
2003,"VEAL,ROAST,SIMMERED,WO/DRIPPINGS",1,1,1,1,1,1,1,0.85,0.95,1,0.8,0.45,0.8,0.65,0.5,0.6,0.6,0.6,0.6,0.55,0.75,0.75,0.75,0.75,0.75,0.75
2004,"VEAL,ROAST,SIMMERED,W/DRIPPINGS",1,1,1,1,1,1,1,1,1,1,0.85,0.6,0.95,0.95,0.65,0.7,0.7,0.7,0.7,0.7,0.8,0.8,0.8,0.8,0.8,0.8
2051,"VEAL,SLICES,BRWN,SIMMRD,WO/DRIPPING",1,1,1,1,1,1,1,0.85,0.95,1,0.8,0.45,0.8,0.65,0.5,0.6,0.6,0.6,0.6,0.55,0.75,0.75,0.75,0.75,0.75,0.75
2052,"VEAL,SLICES,BRWN,SIMMRD,W/DRIPPINGS",1,1,1,1,1,1,1,1,1,1,0.85,0.6,0.95,0.95,0.65,0.7,0.7,0.7,0.7,0.7,0.8,0.8,0.8,0.8,0.8,0.8
2055,"VEAL,SLICES,SIMMERED,WO/DRIPPINGS",1,1,1,1,1,1,1,0.85,0.95,1,0.8,0.45,0.8,0.65,0.5,0.6,0.6,0.6,0.6,0.55,0.75,0.75,0.75,0.75,0.75,0.75
2056,"VEAL,SLICES,SIMMERED,W/DRIPPINGS",1,1,1,1,1,1,1,1,1,1,0.85,0.6,0.95,0.95,0.65,0.7,0.7,0.7,0.7,0.7,0.8,0.8,0.8,0.8,0.8,0.8
2064,"VEAL,REHEATED",1,1,1,1,1,1,1,1,1,1,0.95,0.95,1,1,0.95,0.95,0.95,0.95,0.95,0.95,1,1,1,1,1,1
2151,"MILK,HEATED,APPROX,10MIN",1,1,1,1,1,1,1,1,1,1,0.85,0.9,1,1,0.9,0.85,0.85,0.85,0.85,0.8,1,1,1,1,1,1
2152,"MILK,HEATED,APPROX,30MIN",1,1,1,1,1,1,1,1,1,1,0.65,0.75,1,1,0.75,0.8,0.8,0.8,0.8,0.55,1,1,1,1,1,1
2153,"MILK,HEATED,APPROX,1,HOUR",1,1,1,1,1,1,1,1,1,1,0.45,0.6,1,1,0.55,0.7,0.7,0.7,0.7,0.3,1,1,1,1,1,1
2154,"MILK,REHEATED",1,1,1,1,1,1,1,1,1,1,0.95,0.95,1,1,0.95,0.95,0.95,0.95,0.95,0.95,1,1,1,1,1,1
2201,"NUTS,BAKED,W/DRIPPINGS",1,1,1,1,1,1,1,1,1,1,0.8,0.85,0.95,0.95,0.95,0.8,0.8,0.8,0.8,1,0.95,0.95,0.95,0.95,0.95,0.95
2202,"NUTS,BROILED",1,1,1,1,1,1,1,1,1,1,0.8,0.85,0.95,0.95,0.95,0.8,0.8,0.8,0.8,1,0.95,0.95,0.95,0.95,0.95,0.95
2203,"NUTS,ROASTED",1,1,1,1,1,1,1,1,1,1,0.8,0.85,0.95,0.95,0.95,0.8,0.8,0.8,0.8,1,0.8,0.8,0.8,0.8,0.8,0.8
2204,"NUTS,BOILED,W/DRIPPINGS",1,1,1,1,1,1,1,1,1,1,0.8,0.85,0.95,0.95,0.95,0.8,0.8,0.8,0.8,1,0.95,0.95,0.95,0.95,0.95,0.95
2301,"FINFISH,<5%FAT,BAKED,WO/DRIPPINGS",1,1,1,1,1,1,1,1,1,1,0.8,0.9,0.95,0.95,0.9,0.9,0.9,0.9,0.9,0.9,0.9,0.9,0.9,0.9,0.9,0.9
2302,"FINFISH,<5%FAT,BAKED,W/DRIPPINGS",1,1,1,1,1,1,1,1,1,1,0.85,0.95,1,1,0.95,0.95,0.95,0.95,0.95,0.95,0.9,0.9,0.9,0.9,0.9,0.9
2305,"FINFISH,<5%FAT,BROILED,WO/DRIPPINGS",1,1,1,1,1,1,1,1,1,1,0.8,0.9,0.95,0.95,0.9,0.9,0.9,0.9,0.9,0.9,0.9,0.9,0.9,0.9,0.9,0.9
2306,"FINFISH,<5%FAT,BROILED,W/DRIPPINGS",1,1,1,1,1,1,1,1,1,1,0.8,0.9,0.95,1,0.9,0.9,0.9,0.9,0.9,0.9,0.9,0.9,0.9,0.9,0.9,0.9
2309,"FINFISH,<5%FAT,FRIED,WO/COATING",1,1,1,1,1,1,1,1,1,1,0.8,0.85,0.95,1,0.9,0.9,0.9,0.9,0.9,0.9,0.85,0.85,0.85,0.85,0.85,0.85
2310,"FINFISH,<5%FAT,FRIED,W/COATING",1,1,1,1,1,1,1,1,1,1,0.8,0.85,0.95,1,0.9,0.9,0.9,0.9,0.9,0.9,0.85,0.85,0.85,0.85,0.85,0.85
2401,"FINFISH,<5%FAT,SIMMERED,WO/DRIPPING",1,1,1,1,1,1,1,1,1,1,0.75,0.8,0.9,0.85,0.8,0.8,0.8,0.8,0.8,0.85,0.8,0.8,0.8,0.8,0.8,0.8
2402,"FINFISH,<5%FAT,SIMMERED,W/DRIPPINGS",1,1,1,1,1,1,1,0.8,0.8,0.8,0.8,0.9,1,0.95,0.9,0.9,0.9,0.9,0.9,0.95,0.9,0.9,0.9,0.9,0.9,0.9
2451,"FINFISH,>5%FAT,BAKED,WO/DRIPPINGS",1,1,1,1,1,1,1,1,1,1,0.8,0.95,1,1,0.9,0.9,0.9,0.9,0.9,0.85,0.85,0.85,0.85,0.85,0.85,0.85
2452,"FINFISH,>5%FAT,BAKED,W/DRIPPINGS",1,1,1,1,1,1,1,1,1,1,0.85,1,1,1,0.95,0.95,0.95,0.95,0.95,0.8,0.9,0.9,0.9,0.9,0.9,0.9
2455,"FINFISH,>5%FAT,BROILED,WO/DRIPPNG",1,1,1,1,1,1,1,1,1,1,0.8,0.95,1,1,0.9,0.9,0.9,0.9,0.9,0.75,0.85,0.85,0.85,0.85,0.85,0.85
2456,"FINFISH,>5%FAT,BROILED,W/DRIPPNGS",1,1,1,1,1,1,1,1,1,1,0.8,0.95,1,1,0.9,0.9,0.9,0.9,0.9,0.75,0.9,0.9,0.9,0.9,0.9,0.9
2459,"FINFISH,>5%FAT,FRIED,WO/COATING",1,1,1,1,1,1,1,1,1,1,0.8,0.85,1,1,0.9,0.9,0.9,0.9,0.9,0.75,0.85,0.85,0.85,0.85,0.85,0.85
2460,"FINFISH,>5%FAT,FRIED,W/COATING",1,1,1,1,1,1,1,1,1,1,0.8,0.85,1,1,0.9,0.9,0.9,0.9,0.9,0.75,0.85,0.85,0.85,0.85,0.85,0.85
2551,"FINFISH,>5%FAT,SIMMERED,WO/DRIP",1,1,1,1,1,1,1,1,1,1,0.75,0.8,0.9,0.85,0.8,0.8,0.8,0.8,0.8,0.85,0.85,0.85,0.85,0.85,0.85,0.85
2552,"FINFISH,>5%FAT,SIMMERED,W/DRIP",1,1,1,1,1,1,1,1,1,1,0.8,0.9,1,0.95,0.9,0.9,0.9,0.9,0.9,0.95,0.95,0.95,0.95,0.95,0.95,0.95
2554,"FINFISH,REHEATED",1,1,1,1,1,1,1,1,1,1,0.95,0.95,1,1,1,1,1,1,1,1,1,1,1,1,1,1
2601,"FINFISH(FROZEN),FRIED",1,1,1,1,1,1,1,1,1,1,0.9,0.9,0.95,1,0.95,0.95,0.95,0.95,0.95,0.95,0.9,0.9,0.9,0.9,0.9,0.9
2605,"FINFISH(FROZEN),HEATED",1,1,1,1,1,1,1,1,1,1,0.9,0.9,1,1,0.95,0.95,0.95,0.95,0.95,0.95,0.9,0.9,0.9,0.9,0.9,0.9
2701,"SHELLFISH,W/SHELL,BOILED",1,1,1,1,1,1,1,1,0.9,1,0.75,0.9,0.75,0.75,0.9,0.75,0.75,0.75,0.75,0.6,0.9,0.9,0.9,0.9,0.9,0.9
2702,"SHELLFISH,W/SHELL,STEAMED",1,1,1,1,1,1,1,1,0.9,1,0.8,0.95,0.95,0.9,0.95,0.75,0.75,0.75,0.75,0.9,0.9,0.9,0.9,0.9,0.9,0.9
2750,"SHELLFISH,WO/SHELL,BAKED,W/DRIPPNGS",1,1,1,1,1,1,1,1,1,1,0.85,0.95,1,0.95,0.95,0.9,0.9,0.9,0.9,1,0.95,0.95,0.95,0.95,0.95,0.95
2753,"SHELLFISH,WO/SHELL,BROILED",1,1,1,1,1,1,1,1,1,1,0.95,0.9,0.8,0.95,0.95,0.95,0.95,0.95,0.95,0.95,0.85,0.85,0.85,0.85,0.85,0.85
2755,"SHELLFISH,WO/SHELL,FRIED,WO/COATING",1,1,1,1,1,1,1,1,1,1,0.8,0.85,0.95,0.95,0.9,0.75,0.75,0.75,0.75,0.85,0.95,0.95,0.95,0.95,0.95,0.95
2756,"SHELLFISH,WO/SHELL,FRIED,W/COATING",1,1,1,1,1,1,1,1,1,1,0.8,0.85,0.95,0.95,0.9,0.8,0.8,0.8,0.8,0.85,0.95,0.95,0.95,0.95,0.95,0.95
2761,"SHELLFISH,WO/SHELL,SIMMERED,WO/DRIP",1,1,1,1,1,1,1,0.95,0.9,1,0.75,0.9,0.75,0.75,0.85,0.75,0.75,0.75,0.75,0.6,0.9,0.9,0.9,0.9,0.9,0.9
2762,"SHELLFISH,WO/SHELL,SIMMERED,W/DRIP",1,1,1,1,1,1,1,1,1,1,0.8,0.95,0.95,0.95,0.9,0.75,0.75,0.75,0.75,0.9,0.9,0.9,0.9,0.9,0.9,0.9
2770,"SHELLFISH,WO/SHELL,STEAMED",1,1,1,1,1,1,1,1,0.9,1,0.8,0.95,0.95,0.9,0.9,0.75,0.75,0.75,0.75,0.9,0.9,0.9,0.9,0.9,0.9,0.9
2771,"SHELLFISH,WO/SHELL,REHEATED",1,1,1,1,1,1,1,1,1,1,0.95,0.95,1,1,1,1,1,1,1,1,1,1,1,1,1,1
2901,"SEAFOOD,FROG,TURTLE,BKD,WO/DRIP",1,1,1,1,1,1,1,1,1,1,0.8,0.9,1,0.95,0.9,0.9,0.9,0.9,0.9,0.9,0.9,0.9,0.9,0.9,0.9,0.9
2902,"SEAFOOD,FROG,TURTLE,CKD,W/DRIP",1,1,1,1,1,1,1,1,1,1,0.85,0.95,1,1,0.95,0.95,0.95,0.95,0.95,0.95,0.9,0.9,0.9,0.9,0.9,0.9
2905,"SEAFOOD,FROG,TURTLE,SIMM,WO/DRIP",1,1,1,1,1,1,1,1,0.95,1,0.75,0.85,0.85,0.8,0.8,0.8,0.8,0.8,0.8,0.8,0.9,0.9,0.9,0.9,0.9,0.9
2906,"SEAFOOD,FROG,TURTLE,SIMRD,W/DRIP",1,1,1,1,1,1,1,1,1,1,0.8,0.9,1,0.95,0.9,0.85,0.85,0.85,0.85,0.95,0.9,0.9,0.9,0.9,0.9,0.9
2907,"SEAFOOD,FROG,TURTLE,BRSD,WO/DRIP",1,1,1,1,1,1,1,1,0.95,1,0.7,0.8,0.8,0.8,0.75,0.75,0.75,0.75,0.75,0.75,0.85,0.85,0.85,0.85,0.85,0.85
2908,"SEAFOOD,FROG,TURTLE,BRAIS,W/DRIP",1,1,1,1,1,1,1,1,1,1,0.75,0.9,0.95,0.95,0.85,0.8,0.8,0.8,0.8,0.9,0.9,0.9,0.9,0.9,0.9,0.9
2909,"SEAFOOD,FROG,TURTLE,BRLD,WO/DRIP",1,1,1,1,1,1,1,1,1,1,0.8,0.9,1,0.95,0.9,0.85,0.85,0.85,0.85,0.9,0.9,0.9,0.9,0.9,0.9,0.9
2910,"SEAFOOD,FROG,TURTLE,BRLD,W/DRIP",1,1,1,1,1,1,1,1,1,1,0.8,0.9,1,1,0.9,0.85,0.85,0.85,0.85,0.95,0.9,0.9,0.9,0.9,0.9,0.9
2911,"SEAFOOD,FROG,TURTLE,FRYD,WO/COAT",1,1,1,1,1,1,1,1,1,1,0.8,0.85,0.95,1,0.9,0.85,0.85,0.85,0.85,0.85,0.85,0.85,0.85,0.85,0.85,0.85
2912,"SEAFOOD,FROG,TURTLE,FRIED,W/COAT",1,1,1,1,1,1,1,1,1,1,0.8,0.85,0.95,1,0.9,0.9,0.9,0.9,0.9,0.9,0.9,0.9,0.9,0.9,0.9,0.9
2917,"SEAFOOD,FROG,TURTLE,REHEATED",1,1,1,1,1,1,1,1,1,1,0.95,0.95,1,1,1,1,1,1,1,1,1,1,1,1,1,1
3001,"VEG,GREENS,BAKED",1,1,1,1,1,1,1,1,1,1,0.7,0.9,0.95,0.95,0.95,0.75,0.75,0.75,0.75,1,0.95,0.95,0.95,0.95,0.95,0.95
3004,"VEG,GREENS,BOILD,LITTLE-WATER,DRAINED",1,1,1,1,1,1,1,0.95,0.95,0.95,0.6,0.85,0.95,0.9,0.9,0.65,0.65,0.65,0.65,1,0.95,0.95,0.95,0.95,0.95,0.95
3005,"VEG,GREENS,BOILED,WATER,COVERED,DRAINED",1,1,1,1,1,1,1,0.95,0.95,0.95,0.55,0.8,0.9,0.85,0.85,0.6,0.6,0.6,0.6,1,0.95,0.95,0.95,0.95,0.95,0.95
3006,"VEG,GREENS,BOILED,WATER,USED",1,1,1,1,1,1,1,1,1,1,0.7,0.9,0.95,0.95,0.95,0.75,0.75,0.75,0.75,1,0.95,0.95,0.95,0.95,0.95,0.95
3015,"VEG,GREENS,STIR,FRY",1,1,1,1,1,1,1,1,1,1,0.85,0.9,0.95,0.95,0.95,0.85,0.85,0.85,0.85,1,0.9,0.9,0.9,0.9,0.9,0.9
3018,"VEG,GREENS,REHEATED",1,1,1,1,1,1,1,1,1,1,0.95,1,1,1,1,0.95,0.95,0.95,0.95,1,1,1,1,1,1,1
3019,"VEG,GREENS,COOKED,FROM,FROZEN,DRAIN",1,1,1,1,1,1,1,1,1,1,0.6,0.9,0.95,0.9,0.9,0.55,0.55,0.55,0.55,1,0.95,0.95,0.95,0.95,0.95,0.95
3301,"POTATOES,BAKED-IN-SKIN",1,1,1,1,1,1,1,1,1,1,0.8,0.85,0.95,0.95,0.95,0.9,0.9,0.9,0.9,1,1,1,1,1,1,1
3302,"POTATOES,BAKED-IN-CASSEROLE",1,1,1,1,1,1,1,1,1,1,0.8,0.8,0.95,0.95,0.95,0.75,0.75,0.75,0.75,1,1,1,1,1,1,1
3307,"POTATOES,BOILED-IN-SKIN",1,1,1,1,1,1,1,0.95,0.95,0.95,0.75,0.8,0.95,0.95,0.95,0.9,0.9,0.9,0.9,1,1,1,1,1,1,1
3308,"POTATOES,BOILED(PARED)DRAIN",1,1,1,1,1,1,1,0.95,0.95,0.95,0.75,0.8,0.95,0.95,0.95,0.75,0.75,0.75,0.75,1,1,1,1,1,1,1
3309,"POTATOES,BOILED(PARED),WATER-USED",1,1,1,1,1,1,1,1,1,1,0.8,0.8,0.95,0.95,0.95,0.9,0.9,0.9,0.9,1,1,1,1,1,1,1
3310,"POTATOES,BOILED,BROWNED",1,1,1,1,1,1,1,0.95,0.95,0.95,0.6,0.65,0.9,0.9,0.9,0.65,0.65,0.65,0.65,1,1,1,1,1,1,1
3311,"POTATOES,BOILED,STORED,BROWNED",1,1,1,1,1,1,1,0.95,0.95,0.95,0.25,0.4,0.85,0.8,0.9,0.65,0.65,0.65,0.65,1,1,1,1,1,1,1
3315,"POTATOES,FRIED",1,1,1,1,1,1,1,1,1,1,0.8,0.8,0.95,0.95,0.95,0.75,0.75,0.75,0.75,1,1,1,1,1,1,1
3316,"POTATOES,MASHED",1,1,1,1,1,1,1,0.95,0.95,0.95,0.75,0.8,0.95,0.95,0.95,0.75,0.75,0.75,0.75,1,1,1,1,1,1,1
3371,"POTATOES,CANNED,BOILED,WATER-USED",1,1,1,1,1,1,1,1,1,1,0.85,0.9,1,1,1,0.95,0.95,0.95,0.95,1,1,1,1,1,1,1
3373,"POTATOES,CANNED,BROILED",1,1,1,1,1,1,1,1,1,1,0.85,0.9,1,1,1,0.95,0.95,0.95,0.95,1,1,1,1,1,1,1
3375,"POTATOES,CANNED,FRIED",1,1,1,1,1,1,1,1,1,1,0.85,0.9,1,1,1,0.95,0.95,0.95,0.95,1,1,1,1,1,1,1
3379,"POTATOES,REHEATED",1,1,1,1,1,1,1,1,1,1,0.95,0.95,1,1,1,0.95,0.95,0.95,0.95,1,1,1,1,1,1,1
3380,"POTATOES,CKD,FROM-FROZEN,HASHBROWN",1,1,1,1,1,1,1,1,1,1,0.5,0.75,0.95,0.95,0.95,0.6,0.6,0.6,0.6,1,1,1,1,1,1,1
3381,"POTATOES,CKD-FROM-FROZEN,FRENCH-FRY",1,1,1,1,1,1,1,1,1,1,0.8,0.85,0.95,0.95,0.95,0.8,0.8,0.8,0.8,1,1,1,1,1,1,1
3382,"POTATOES,CKD-FROM-FROZEN,BAKED-STUFFED",1,1,1,1,1,1,1,1,1,1,0.8,0.8,0.95,0.95,0.95,0.8,0.8,0.8,0.8,1,1,1,1,1,1,1
3451,"VEG,ROOTS,ETC,BAKED",1,1,1,1,1,1,1,1,1,1,0.75,0.9,0.95,0.95,0.95,0.8,0.8,0.8,0.8,1,0.95,0.95,0.95,0.95,0.95,0.95
3454,"VEG,ROOTS,ETC,BLD,DRAIND,LITTLE-WATER",1,1,1,1,1,1,1,0.95,0.95,0.95,0.7,0.85,0.95,0.95,0.95,0.7,0.7,0.7,0.7,1,0.9,0.9,0.9,0.9,0.9,0.9
3455,"VEG,ROOTS,ETC,BLD,DRAIND,WTR,COVER",1,1,1,1,1,1,1,0.95,0.95,0.95,0.65,0.8,0.9,0.9,0.9,0.65,0.65,0.65,0.65,1,0.9,0.9,0.9,0.9,0.9,0.9
3456,"VEG,ROOTS,ETC,BOILED,WATER-USED",1,1,1,1,1,1,1,1,1,1,0.75,0.9,0.95,0.95,0.95,0.8,0.8,0.8,0.8,1,0.9,0.9,0.9,0.9,0.9,0.9
3460,"VEG,ROOTS,ETC,SAUTEED",1,1,1,1,1,1,1,1,1,1,0.75,0.85,0.95,0.95,0.95,0.7,0.7,0.7,0.7,1,0.85,0.85,0.85,0.85,0.85,0.85
3464,"VEG,ROOTS,ETC,STEAMED",1,1,1,1,1,1,1,1,1,1,0.75,0.9,0.95,0.95,0.95,0.8,0.8,0.8,0.8,1,0.9,0.9,0.9,0.9,0.9,0.9
3465,"VEG,ROOTS,ETC,STIRFRY",1,1,1,1,1,1,1,1,1,1,0.8,0.9,0.95,0.95,0.95,0.8,0.8,0.8,0.8,1,0.9,0.9,0.9,0.9,0.9,0.9
3468,"VEG,ROOTS,ETC,REHEATED",1,1,1,1,1,1,1,1,1,1,0.95,0.95,1,1,1,0.95,0.95,0.95,0.95,1,1,1,1,1,1,1
3469,"VEG,ROOTS,ETC,CKD-FROM-FRZN,DRAINED",1,1,1,1,1,1,1,0.95,0.95,0.95,0.7,0.9,0.95,0.95,0.95,0.7,0.7,0.7,0.7,1,0.9,0.9,0.9,0.9,0.9,0.9
3701,"SWEETPOTAOTES,BAKED-IN-SKIN",1,1,1,1,1,1,1,1,1,1,0.8,0.85,0.95,0.95,0.95,0.9,0.9,0.9,0.9,1,0.9,0.9,0.9,0.9,0.9,0.9
3702,"SWEETPOTATOES,BAKED-IN-CASSEROLE",1,1,1,1,1,1,1,1,1,1,0.8,0.8,0.95,0.95,0.95,0.75,0.75,0.75,0.75,1,0.9,0.9,0.9,0.9,0.9,0.9
3707,"SWEETPOTATOES,BOILED-IN-SKIN",1,1,1,1,1,1,1,0.95,0.95,0.95,0.75,0.8,0.95,0.95,0.95,0.9,0.9,0.9,0.9,1,0.85,0.85,0.85,0.85,0.85,0.85
3708,"SWEETPOTATOES,BOILED(PARED)DRAINED",1,1,1,1,1,1,1,0.95,0.95,0.95,0.75,0.8,0.95,0.95,0.95,0.75,0.75,0.75,0.75,1,0.85,0.85,0.85,0.85,0.85,0.85
3709,"SWEETPOTATOES,BLD(PARED)WATER-USED",1,1,1,1,1,1,1,1,1,1,0.8,0.85,0.95,0.95,0.95,0.9,0.9,0.9,0.9,1,0.95,0.95,0.95,0.95,0.95,0.95
3710,"SWEETPOTATOES,FRIED",1,1,1,1,1,1,1,1,1,1,0.8,0.8,0.95,0.95,0.95,0.75,0.75,0.75,0.75,1,0.8,0.8,0.8,0.8,0.8,0.8
3711,"SWEETPOTATOES,REHEATED",1,1,1,1,1,1,1,1,1,1,0.95,0.95,1,1,1,0.95,0.95,0.95,0.95,1,1,1,1,1,1,1
3712,"SWEETPOTATOES,CKD-FROM-FRN,BAKED",1,1,1,1,1,1,1,1,1,1,0.8,0.8,0.95,0.95,0.95,0.8,0.8,0.8,0.8,1,0.9,0.9,0.9,0.9,0.9,0.9
3713,"SWEETPOTATOES,CKD-FROM-FRZN,BOILED",1,1,1,1,1,1,1,0.95,0.95,0.95,0.75,0.8,0.95,0.95,0.95,0.8,0.8,0.8,0.8,1,0.85,0.85,0.85,0.85,0.85,0.85
3714,"SWEETPOTATO (UGANDA VARIETIES),ORANGE,YELLOW,DRIED",1,1,1,1,1,1,1,0.95,0.95,0.95,0.75,0.8,0.95,0.95,0.95,0.9,0.9,0.9,0.9,1,0.79,0.79,0.79,0.79,0.79,0.79
3715,"SWEETPOTATO (UGANDA VARIETIES),ORANGE,DRIED(FLOUR),BOILED WATER USED",1,1,1,1,1,1,1,1,1,1,0.8,0.85,0.95,0.95,0.95,0.9,0.9,0.9,0.9,1,0.77,0.77,0.77,0.77,0.77,0.77
3716,"SWEETPOTATO (UGANDA VARIETIES),ORANGE,BOILED DRAINED",1,1,1,1,1,1,1,0.95,0.95,0.95,0.75,0.8,0.95,0.95,0.95,0.9,0.9,0.9,0.75,1,0.77,0.77,0.77,0.77,0.77,0.77
3751,"TOMATOES,BOILED/BAKED",1,1,1,1,1,1,1,1,1,1,0.95,0.95,0.95,0.95,0.95,0.7,0.7,0.7,0.7,1,0.95,0.95,0.95,0.95,0.95,0.95
3752,"TOMATOES,FRIED/BROILED",1,1,1,1,1,1,1,1,1,1,0.95,0.95,0.95,0.95,0.95,0.7,0.7,0.7,0.7,1,0.9,0.9,0.9,0.9,0.9,0.9
3754,"TOMATOES,REHEATED",1,1,1,1,1,1,1,1,1,1,1,1,1,1,1,0.95,0.95,0.95,0.95,1,1,1,1,1,1,1
3771,"VEG,OTHER,BAKED",1,1,1,1,1,1,1,1,1,1,0.85,0.9,0.95,0.95,0.95,0.85,0.85,0.85,0.85,1,0.95,0.95,0.95,0.95,0.95,0.95
3774,"VEG,OTHER,BLD,LITTLE-WATER,DRAINED",1,1,1,1,1,1,1,0.95,0.95,0.95,0.8,0.85,0.95,0.9,0.9,0.7,0.7,0.7,0.7,1,0.9,0.9,0.9,0.9,0.9,0.9
3775,"VEG,OTHER,BLD,WATER-COVER,DRAINED",1,1,1,1,1,1,1,0.95,0.95,0.95,0.75,0.8,0.9,0.85,0.85,0.65,0.65,0.65,0.65,1,0.9,0.9,0.9,0.9,0.9,0.9
3776,"VEG,OTHER,BLD,WATER-USED",1,1,1,1,1,1,1,1,1,1,0.85,0.9,0.95,0.95,0.9,0.85,0.85,0.85,0.85,1,0.95,0.95,0.95,0.95,0.95,0.95
3780,"VEG,OTHER,FRIED",1,1,1,1,1,1,1,1,1,1,0.85,0.85,0.95,0.9,0.9,0.7,0.7,0.7,0.7,1,0.85,0.85,0.85,0.85,0.85,0.85
3784,"VEG,OTHER,STEAMED",1,1,1,1,1,1,1,1,1,1,0.85,0.9,0.95,0.95,0.9,0.85,0.85,0.85,0.85,1,0.95,0.95,0.95,0.95,0.95,0.95
3785,"VEG,OTHER,STIRFRY",1,1,1,1,1,1,1,1,1,1,0.85,0.9,0.95,0.95,0.95,0.8,0.8,0.8,0.8,1,0.9,0.9,0.9,0.9,0.9,0.9
3788,"VEG,OTHER,REHEATED",1,1,1,1,1,1,1,1,1,1,0.9,0.95,1,1,1,0.95,0.95,0.95,0.95,1,1,1,1,1,1,1
3789,"VEG,OTHER,CKD-FROM-FRZN(BLD,DRAIND)",1,1,1,1,1,1,1,0.95,0.95,0.95,0.8,0.9,0.95,0.9,0.9,0.7,0.7,0.7,0.7,1,0.9,0.9,0.9,0.9,0.9,0.9
5001,"ALC-BEV,NO-HEAT,STORED,OVERNIGHT",1,1,1,1,1,1,1,1,1,1,1,1,1,1,1,1,1,1,1,1,1,1,1,1,1,1
5002,"ALC-BEV,STIRRED-INTO-HOT-LIQUID",1,1,1,1,1,1,1,1,1,1,1,1,1,1,1,1,1,1,1,1,1,1,1,1,1,1
5003,"ALC-BEV,FLAMED",1,1,1,1,1,1,1,1,1,1,1,1,1,1,1,1,1,1,1,1,1,1,1,1,1,1
5004,"ALC-BEV,STIRRED,BKD/SIMMRD,15-MIN",1,1,1,1,1,1,1,1,1,1,1,1,1,1,1,1,1,1,1,1,1,1,1,1,1,1
5005,"ALC-BEV,STIRRED,BKD/SIMMRD,30-MIN",1,1,1,1,1,1,1,1,1,1,1,1,1,1,1,1,1,1,1,1,1,1,1,1,1,1
5006,"ALC-BEV,STIRRED,BKD/SIMMRD,1-HR",1,1,1,1,1,1,1,1,1,1,1,1,1,1,1,1,1,1,1,1,1,1,1,1,1,1
5007,"ALC-BEV,STIRRED,BKD/SIMMRD,1.5-HR",1,1,1,1,1,1,1,1,1,1,1,1,1,1,1,1,1,1,1,1,1,1,1,1,1,1
5008,"ALC-BEV,STIRRED,BKD/SIMMRD,2-HR",1,1,1,1,1,1,1,1,1,1,1,1,1,1,1,1,1,1,1,1,1,1,1,1,1,1
5009,"ALC-BEV,STIRRED,BKD/SIMMRD,2.5-HR",1,1,1,1,1,1,1,1,1,1,1,1,1,1,1,1,1,1,1,1,1,1,1,1,1,1
5010,"ALC-BEV,NOT-STIRRED-IN,BKD,25-MIN",1,1,1,1,1,1,1,1,1,1,1,1,1,1,1,1,1,1,1,1,1,1,1,1,1,1
6000,"VEGETABLE OIL,VITAMIN A FORTIFIED,COOKED",1,1,1,1,1,1,1,1,1,1,1,1,1,1,1,1,1,1,1,1,0.9,0.9,1,1,1,1
6001,"MARGARINE,VITAMIN A FORTIFIED,COOKED",1,1,1,1,1,1,1,1,1,1,1,1,1,1,1,1,1,1,1,1,0.9,0.9,1,1,1,1
